Source,Title,Price,Rating,Link
Amazon,Majestic Man,499.0,4.0,https://www.amazon.in/sspa/click?ie=UTF8&spc=MTo0ODU1ODk2NzA4MTEzNTQ1OjE3NTc3OTQ4MTQ6c3BfYXRmOjMwMDYwODk5MDI3ODgzMjo6MDo6&url=%2FMajestic-Man-Classic-Cotton-Casual%2Fdp%2FB0CK6KJNZG%2Fref%3Dsr_1_1_sspa%3Fdib%3DeyJ2IjoiMSJ9.JxxYY5RXLs_wEyHBVg42l9aDS1EkmBXISK6_RY1N1s7zQdSp_fvsBV8UPZ1E2b9Pvc029HmyT4qPI_ReeBP5ZceC7Ke381cOrVCo81qRUwFzxcRnDcEyQz9Sa4pqq78YzZf-842ymfKFQuIzNJ2jcAroD2FYko0ZxPsCWPrCQH3S3ad6D4_SR5uxUAaJFuX6pfc6sSnynnBE1Sk6TBnKp64SkN-r1cj606YA8_LOQSASUaGvtCuWtc_LO-8stv6tZ5NOfh5g6IILyRqkvIzxwjUmI8yd2CAuAI0btBXGwjU.WTvl0FDHxIbHrliDHUygwOFxDSJHWS53st6H68orl4c%26dib_tag%3Dse%26keywords%3DShirts%26qid%3D1757794814%26sr%3D8-1-spons%26sp_csd%3Dd2lkZ2V0TmFtZT1zcF9hdGY%26psc%3D1&aref=Mfk6LEVyNS&sp_cr=ZAZ
Amazon,Martin,849.0,3.0,https://www.amazon.in/sspa/click?ie=UTF8&spc=MTo0ODU1ODk2NzA4MTEzNTQ1OjE3NTc3OTQ4MTQ6c3BfYXRmOjMwMDY5ODEzODM1NDMzMjo6MDo6&url=%2FMARTIN-PACEMAKER-Regular-Sleeves-Size-XXXl%2Fdp%2FB0C5JP33FS%2Fref%3Dsr_1_2_sspa%3Fdib%3DeyJ2IjoiMSJ9.JxxYY5RXLs_wEyHBVg42l9aDS1EkmBXISK6_RY1N1s7zQdSp_fvsBV8UPZ1E2b9Pvc029HmyT4qPI_ReeBP5ZceC7Ke381cOrVCo81qRUwFzxcRnDcEyQz9Sa4pqq78YzZf-842ymfKFQuIzNJ2jcAroD2FYko0ZxPsCWPrCQH3S3ad6D4_SR5uxUAaJFuX6pfc6sSnynnBE1Sk6TBnKp64SkN-r1cj606YA8_LOQSASUaGvtCuWtc_LO-8stv6tZ5NOfh5g6IILyRqkvIzxwjUmI8yd2CAuAI0btBXGwjU.WTvl0FDHxIbHrliDHUygwOFxDSJHWS53st6H68orl4c%26dib_tag%3Dse%26keywords%3DShirts%26qid%3D1757794814%26sr%3D8-2-spons%26sp_csd%3Dd2lkZ2V0TmFtZT1zcF9hdGY%26psc%3D1&aref=nbWhyzzExw&sp_cr=ZAZ
Amazon,Lymio,449.0,3.6,https://www.amazon.in/sspa/click?ie=UTF8&spc=MTo0ODU1ODk2NzA4MTEzNTQ1OjE3NTc3OTQ4MTQ6c3BfYXRmOjMwMDQ4MzQ1ODU3NzYzMjo6MDo6&url=%2FLymio-Casual-Stylish-Rib-Shirt-Khakhi%2Fdp%2FB0CRPG3MHV%2Fref%3Dsr_1_3_sspa%3Fdib%3DeyJ2IjoiMSJ9.JxxYY5RXLs_wEyHBVg42l9aDS1EkmBXISK6_RY1N1s7zQdSp_fvsBV8UPZ1E2b9Pvc029HmyT4qPI_ReeBP5ZceC7Ke381cOrVCo81qRUwFzxcRnDcEyQz9Sa4pqq78YzZf-842ymfKFQuIzNJ2jcAroD2FYko0ZxPsCWPrCQH3S3ad6D4_SR5uxUAaJFuX6pfc6sSnynnBE1Sk6TBnKp64SkN-r1cj606YA8_LOQSASUaGvtCuWtc_LO-8stv6tZ5NOfh5g6IILyRqkvIzxwjUmI8yd2CAuAI0btBXGwjU.WTvl0FDHxIbHrliDHUygwOFxDSJHWS53st6H68orl4c%26dib_tag%3Dse%26keywords%3DShirts%26qid%3D1757794814%26sr%3D8-3-spons%26sp_csd%3Dd2lkZ2V0TmFtZT1zcF9hdGY%26psc%3D1&aref=H9tm6KjM4M&sp_cr=ZAZ
Amazon,Majestic Man,499.0,3.8,https://www.amazon.in/sspa/click?ie=UTF8&spc=MTo0ODU1ODk2NzA4MTEzNTQ1OjE3NTc3OTQ4MTQ6c3BfYXRmOjMwMDYwODk5MDI4MDMzMjo6MDo6&url=%2FMajestic-Man-Solid-Casual-Medium%2Fdp%2FB09WMK89PQ%2Fref%3Dsr_1_4_sspa%3Fdib%3DeyJ2IjoiMSJ9.JxxYY5RXLs_wEyHBVg42l9aDS1EkmBXISK6_RY1N1s7zQdSp_fvsBV8UPZ1E2b9Pvc029HmyT4qPI_ReeBP5ZceC7Ke381cOrVCo81qRUwFzxcRnDcEyQz9Sa4pqq78YzZf-842ymfKFQuIzNJ2jcAroD2FYko0ZxPsCWPrCQH3S3ad6D4_SR5uxUAaJFuX6pfc6sSnynnBE1Sk6TBnKp64SkN-r1cj606YA8_LOQSASUaGvtCuWtc_LO-8stv6tZ5NOfh5g6IILyRqkvIzxwjUmI8yd2CAuAI0btBXGwjU.WTvl0FDHxIbHrliDHUygwOFxDSJHWS53st6H68orl4c%26dib_tag%3Dse%26keywords%3DShirts%26qid%3D1757794814%26sr%3D8-4-spons%26sp_csd%3Dd2lkZ2V0TmFtZT1zcF9hdGY%26psc%3D1&aref=XPz0ECxL1S&sp_cr=ZAZ
Amazon,DEELMO,494.0,3.2,https://www.amazon.in/DEELMO-Geometric-Regular-MON321_CHIKU_Down-Round_Print_40_Beige/dp/B0CNM4R13B/ref=sr_1_5?dib=eyJ2IjoiMSJ9.JxxYY5RXLs_wEyHBVg42l9aDS1EkmBXISK6_RY1N1s7zQdSp_fvsBV8UPZ1E2b9Pvc029HmyT4qPI_ReeBP5ZceC7Ke381cOrVCo81qRUwFzxcRnDcEyQz9Sa4pqq78YzZf-842ymfKFQuIzNJ2jcAroD2FYko0ZxPsCWPrCQH3S3ad6D4_SR5uxUAaJFuX6pfc6sSnynnBE1Sk6TBnKp64SkN-r1cj606YA8_LOQSASUaGvtCuWtc_LO-8stv6tZ5NOfh5g6IILyRqkvIzxwjUmI8yd2CAuAI0btBXGwjU.WTvl0FDHxIbHrliDHUygwOFxDSJHWS53st6H68orl4c&dib_tag=se&keywords=Shirts&qid=1757794814&sr=8-5
Amazon,CB-COLEBROOK,499.0,3.8,https://www.amazon.in/CB-COLEBROOK-Casual-Button-Fashion-Textured/dp/B0D77N88Q3/ref=sr_1_6?dib=eyJ2IjoiMSJ9.JxxYY5RXLs_wEyHBVg42l9aDS1EkmBXISK6_RY1N1s7zQdSp_fvsBV8UPZ1E2b9Pvc029HmyT4qPI_ReeBP5ZceC7Ke381cOrVCo81qRUwFzxcRnDcEyQz9Sa4pqq78YzZf-842ymfKFQuIzNJ2jcAroD2FYko0ZxPsCWPrCQH3S3ad6D4_SR5uxUAaJFuX6pfc6sSnynnBE1Sk6TBnKp64SkN-r1cj606YA8_LOQSASUaGvtCuWtc_LO-8stv6tZ5NOfh5g6IILyRqkvIzxwjUmI8yd2CAuAI0btBXGwjU.WTvl0FDHxIbHrliDHUygwOFxDSJHWS53st6H68orl4c&dib_tag=se&keywords=Shirts&qid=1757794814&sr=8-6
Amazon,Lymio,349.0,3.8,https://www.amazon.in/Lymio-Clothing-Regular-Printed-Tiedite-Cream-Blue-L/dp/B0DWSB8HT4/ref=sr_1_7?dib=eyJ2IjoiMSJ9.JxxYY5RXLs_wEyHBVg42l9aDS1EkmBXISK6_RY1N1s7zQdSp_fvsBV8UPZ1E2b9Pvc029HmyT4qPI_ReeBP5ZceC7Ke381cOrVCo81qRUwFzxcRnDcEyQz9Sa4pqq78YzZf-842ymfKFQuIzNJ2jcAroD2FYko0ZxPsCWPrCQH3S3ad6D4_SR5uxUAaJFuX6pfc6sSnynnBE1Sk6TBnKp64SkN-r1cj606YA8_LOQSASUaGvtCuWtc_LO-8stv6tZ5NOfh5g6IILyRqkvIzxwjUmI8yd2CAuAI0btBXGwjU.WTvl0FDHxIbHrliDHUygwOFxDSJHWS53st6H68orl4c&dib_tag=se&keywords=Shirts&qid=1757794814&sr=8-7
Amazon,U TURN,418.0,3.8,https://www.amazon.in/U-TURN-Printed-Striped-Stylish-Skyblue-White/dp/B0DKP8NXCH/ref=sr_1_8?dib=eyJ2IjoiMSJ9.JxxYY5RXLs_wEyHBVg42l9aDS1EkmBXISK6_RY1N1s7zQdSp_fvsBV8UPZ1E2b9Pvc029HmyT4qPI_ReeBP5ZceC7Ke381cOrVCo81qRUwFzxcRnDcEyQz9Sa4pqq78YzZf-842ymfKFQuIzNJ2jcAroD2FYko0ZxPsCWPrCQH3S3ad6D4_SR5uxUAaJFuX6pfc6sSnynnBE1Sk6TBnKp64SkN-r1cj606YA8_LOQSASUaGvtCuWtc_LO-8stv6tZ5NOfh5g6IILyRqkvIzxwjUmI8yd2CAuAI0btBXGwjU.WTvl0FDHxIbHrliDHUygwOFxDSJHWS53st6H68orl4c&dib_tag=se&keywords=Shirts&qid=1757794814&sr=8-8
Amazon,Pinkmint,399.0,3.7,https://www.amazon.in/Pinkmint-Sleeve-Button-Collared-Casual/dp/B0CW1TZ4X3/ref=sr_1_9?dib=eyJ2IjoiMSJ9.JxxYY5RXLs_wEyHBVg42l9aDS1EkmBXISK6_RY1N1s7zQdSp_fvsBV8UPZ1E2b9Pvc029HmyT4qPI_ReeBP5ZceC7Ke381cOrVCo81qRUwFzxcRnDcEyQz9Sa4pqq78YzZf-842ymfKFQuIzNJ2jcAroD2FYko0ZxPsCWPrCQH3S3ad6D4_SR5uxUAaJFuX6pfc6sSnynnBE1Sk6TBnKp64SkN-r1cj606YA8_LOQSASUaGvtCuWtc_LO-8stv6tZ5NOfh5g6IILyRqkvIzxwjUmI8yd2CAuAI0btBXGwjU.WTvl0FDHxIbHrliDHUygwOFxDSJHWS53st6H68orl4c&dib_tag=se&keywords=Shirts&qid=1757794814&sr=8-9
Amazon,CB-COLEBROOK,495.0,3.7,https://www.amazon.in/CB-COLEBROOK-Regular-Spread-Collar-Casual/dp/B0CGLMT89Z/ref=sr_1_10?dib=eyJ2IjoiMSJ9.JxxYY5RXLs_wEyHBVg42l9aDS1EkmBXISK6_RY1N1s7zQdSp_fvsBV8UPZ1E2b9Pvc029HmyT4qPI_ReeBP5ZceC7Ke381cOrVCo81qRUwFzxcRnDcEyQz9Sa4pqq78YzZf-842ymfKFQuIzNJ2jcAroD2FYko0ZxPsCWPrCQH3S3ad6D4_SR5uxUAaJFuX6pfc6sSnynnBE1Sk6TBnKp64SkN-r1cj606YA8_LOQSASUaGvtCuWtc_LO-8stv6tZ5NOfh5g6IILyRqkvIzxwjUmI8yd2CAuAI0btBXGwjU.WTvl0FDHxIbHrliDHUygwOFxDSJHWS53st6H68orl4c&dib_tag=se&keywords=Shirts&qid=1757794814&sr=8-10
Amazon,GRECIILOOKS,499.0,4.0,https://www.amazon.in/GRECIILOOKS-Solid-Regular-Shirt-GL-MS-6134_White/dp/B0CLZWSF4Z/ref=sr_1_11?dib=eyJ2IjoiMSJ9.JxxYY5RXLs_wEyHBVg42l9aDS1EkmBXISK6_RY1N1s7zQdSp_fvsBV8UPZ1E2b9Pvc029HmyT4qPI_ReeBP5ZceC7Ke381cOrVCo81qRUwFzxcRnDcEyQz9Sa4pqq78YzZf-842ymfKFQuIzNJ2jcAroD2FYko0ZxPsCWPrCQH3S3ad6D4_SR5uxUAaJFuX6pfc6sSnynnBE1Sk6TBnKp64SkN-r1cj606YA8_LOQSASUaGvtCuWtc_LO-8stv6tZ5NOfh5g6IILyRqkvIzxwjUmI8yd2CAuAI0btBXGwjU.WTvl0FDHxIbHrliDHUygwOFxDSJHWS53st6H68orl4c&dib_tag=se&keywords=Shirts&qid=1757794814&sr=8-11
Amazon,Peter England,643.0,4.0,https://www.amazon.in/Peter-England-Regular-Shirt-PESFONUP031923_Maroon/dp/B0BKQ6XTD6/ref=sr_1_12?dib=eyJ2IjoiMSJ9.JxxYY5RXLs_wEyHBVg42l9aDS1EkmBXISK6_RY1N1s7zQdSp_fvsBV8UPZ1E2b9Pvc029HmyT4qPI_ReeBP5ZceC7Ke381cOrVCo81qRUwFzxcRnDcEyQz9Sa4pqq78YzZf-842ymfKFQuIzNJ2jcAroD2FYko0ZxPsCWPrCQH3S3ad6D4_SR5uxUAaJFuX6pfc6sSnynnBE1Sk6TBnKp64SkN-r1cj606YA8_LOQSASUaGvtCuWtc_LO-8stv6tZ5NOfh5g6IILyRqkvIzxwjUmI8yd2CAuAI0btBXGwjU.WTvl0FDHxIbHrliDHUygwOFxDSJHWS53st6H68orl4c&dib_tag=se&keywords=Shirts&qid=1757794814&sr=8-12
Amazon,IndoPrimo,499.0,3.8,https://www.amazon.in/IndoPrimo-Regular-Double-Pocket-Sleeves/dp/B0CYGL2PX2/ref=sr_1_13?dib=eyJ2IjoiMSJ9.JxxYY5RXLs_wEyHBVg42l9aDS1EkmBXISK6_RY1N1s7zQdSp_fvsBV8UPZ1E2b9Pvc029HmyT4qPI_ReeBP5ZceC7Ke381cOrVCo81qRUwFzxcRnDcEyQz9Sa4pqq78YzZf-842ymfKFQuIzNJ2jcAroD2FYko0ZxPsCWPrCQH3S3ad6D4_SR5uxUAaJFuX6pfc6sSnynnBE1Sk6TBnKp64SkN-r1cj606YA8_LOQSASUaGvtCuWtc_LO-8stv6tZ5NOfh5g6IILyRqkvIzxwjUmI8yd2CAuAI0btBXGwjU.WTvl0FDHxIbHrliDHUygwOFxDSJHWS53st6H68orl4c&dib_tag=se&keywords=Shirts&qid=1757794814&sr=8-13
Amazon,TAGDO,389.0,4.0,https://www.amazon.in/TAGDO-Regular-Casual-Shirt-Popcorn-5171-Cream-XL/dp/B0CYQ9RNP1/ref=sr_1_14?dib=eyJ2IjoiMSJ9.JxxYY5RXLs_wEyHBVg42l9aDS1EkmBXISK6_RY1N1s7zQdSp_fvsBV8UPZ1E2b9Pvc029HmyT4qPI_ReeBP5ZceC7Ke381cOrVCo81qRUwFzxcRnDcEyQz9Sa4pqq78YzZf-842ymfKFQuIzNJ2jcAroD2FYko0ZxPsCWPrCQH3S3ad6D4_SR5uxUAaJFuX6pfc6sSnynnBE1Sk6TBnKp64SkN-r1cj606YA8_LOQSASUaGvtCuWtc_LO-8stv6tZ5NOfh5g6IILyRqkvIzxwjUmI8yd2CAuAI0btBXGwjU.WTvl0FDHxIbHrliDHUygwOFxDSJHWS53st6H68orl4c&dib_tag=se&keywords=Shirts&qid=1757794814&sr=8-14
Amazon,Majestic Man,579.0,4.0,https://www.amazon.in/Majestic-Man-Checkered-Cotton-Charcoal/dp/B0CLK9XJZQ/ref=sr_1_15?dib=eyJ2IjoiMSJ9.JxxYY5RXLs_wEyHBVg42l9aDS1EkmBXISK6_RY1N1s7zQdSp_fvsBV8UPZ1E2b9Pvc029HmyT4qPI_ReeBP5ZceC7Ke381cOrVCo81qRUwFzxcRnDcEyQz9Sa4pqq78YzZf-842ymfKFQuIzNJ2jcAroD2FYko0ZxPsCWPrCQH3S3ad6D4_SR5uxUAaJFuX6pfc6sSnynnBE1Sk6TBnKp64SkN-r1cj606YA8_LOQSASUaGvtCuWtc_LO-8stv6tZ5NOfh5g6IILyRqkvIzxwjUmI8yd2CAuAI0btBXGwjU.WTvl0FDHxIbHrliDHUygwOFxDSJHWS53st6H68orl4c&dib_tag=se&keywords=Shirts&qid=1757794814&sr=8-15
Amazon,BE ACTIVE,629.0,3.6,https://www.amazon.in/BE-ACTIVE-Stylish-Sleeves-CPL0133-1-L/dp/B0CDLCCB8P/ref=sr_1_16?dib=eyJ2IjoiMSJ9.JxxYY5RXLs_wEyHBVg42l9aDS1EkmBXISK6_RY1N1s7zQdSp_fvsBV8UPZ1E2b9Pvc029HmyT4qPI_ReeBP5ZceC7Ke381cOrVCo81qRUwFzxcRnDcEyQz9Sa4pqq78YzZf-842ymfKFQuIzNJ2jcAroD2FYko0ZxPsCWPrCQH3S3ad6D4_SR5uxUAaJFuX6pfc6sSnynnBE1Sk6TBnKp64SkN-r1cj606YA8_LOQSASUaGvtCuWtc_LO-8stv6tZ5NOfh5g6IILyRqkvIzxwjUmI8yd2CAuAI0btBXGwjU.WTvl0FDHxIbHrliDHUygwOFxDSJHWS53st6H68orl4c&dib_tag=se&keywords=Shirts&qid=1757794814&sr=8-16
Amazon,Pinkmint,399.0,3.7,https://www.amazon.in/Pinkmint-Casual-Stylish-Regular-Sleeve/dp/B0CWV1VR27/ref=sr_1_17?dib=eyJ2IjoiMSJ9.JxxYY5RXLs_wEyHBVg42l9aDS1EkmBXISK6_RY1N1s7zQdSp_fvsBV8UPZ1E2b9Pvc029HmyT4qPI_ReeBP5ZceC7Ke381cOrVCo81qRUwFzxcRnDcEyQz9Sa4pqq78YzZf-842ymfKFQuIzNJ2jcAroD2FYko0ZxPsCWPrCQH3S3ad6D4_SR5uxUAaJFuX6pfc6sSnynnBE1Sk6TBnKp64SkN-r1cj606YA8_LOQSASUaGvtCuWtc_LO-8stv6tZ5NOfh5g6IILyRqkvIzxwjUmI8yd2CAuAI0btBXGwjU.WTvl0FDHxIbHrliDHUygwOFxDSJHWS53st6H68orl4c&dib_tag=se&keywords=Shirts&qid=1757794814&sr=8-17
Amazon,The Indian Garage Co,503.0,3.7,https://www.amazon.in/Indian-Garage-Co-0619-SH04-04-XX-Large/dp/B087S4S9SY/ref=sr_1_18?dib=eyJ2IjoiMSJ9.JxxYY5RXLs_wEyHBVg42l9aDS1EkmBXISK6_RY1N1s7zQdSp_fvsBV8UPZ1E2b9Pvc029HmyT4qPI_ReeBP5ZceC7Ke381cOrVCo81qRUwFzxcRnDcEyQz9Sa4pqq78YzZf-842ymfKFQuIzNJ2jcAroD2FYko0ZxPsCWPrCQH3S3ad6D4_SR5uxUAaJFuX6pfc6sSnynnBE1Sk6TBnKp64SkN-r1cj606YA8_LOQSASUaGvtCuWtc_LO-8stv6tZ5NOfh5g6IILyRqkvIzxwjUmI8yd2CAuAI0btBXGwjU.WTvl0FDHxIbHrliDHUygwOFxDSJHWS53st6H68orl4c&dib_tag=se&keywords=Shirts&qid=1757794814&sr=8-18
Amazon,U.S. POLO ASSN.,1199.0,3.0,https://www.amazon.in/U-S-POLO-ASSN-Regular-USSHTO2070_Blue/dp/B0CJ31W11Q/ref=sr_1_19?dib=eyJ2IjoiMSJ9.JxxYY5RXLs_wEyHBVg42l9aDS1EkmBXISK6_RY1N1s7zQdSp_fvsBV8UPZ1E2b9Pvc029HmyT4qPI_ReeBP5ZceC7Ke381cOrVCo81qRUwFzxcRnDcEyQz9Sa4pqq78YzZf-842ymfKFQuIzNJ2jcAroD2FYko0ZxPsCWPrCQH3S3ad6D4_SR5uxUAaJFuX6pfc6sSnynnBE1Sk6TBnKp64SkN-r1cj606YA8_LOQSASUaGvtCuWtc_LO-8stv6tZ5NOfh5g6IILyRqkvIzxwjUmI8yd2CAuAI0btBXGwjU.WTvl0FDHxIbHrliDHUygwOFxDSJHWS53st6H68orl4c&dib_tag=se&keywords=Shirts&qid=1757794814&sr=8-19
Amazon,The Indian Garage Co,454.0,4.0,https://www.amazon.in/Indian-Garage-Co-Checkered-0121-SH69-05_White/dp/B08ZNFXGYM/ref=sr_1_20?dib=eyJ2IjoiMSJ9.JxxYY5RXLs_wEyHBVg42l9aDS1EkmBXISK6_RY1N1s7zQdSp_fvsBV8UPZ1E2b9Pvc029HmyT4qPI_ReeBP5ZceC7Ke381cOrVCo81qRUwFzxcRnDcEyQz9Sa4pqq78YzZf-842ymfKFQuIzNJ2jcAroD2FYko0ZxPsCWPrCQH3S3ad6D4_SR5uxUAaJFuX6pfc6sSnynnBE1Sk6TBnKp64SkN-r1cj606YA8_LOQSASUaGvtCuWtc_LO-8stv6tZ5NOfh5g6IILyRqkvIzxwjUmI8yd2CAuAI0btBXGwjU.WTvl0FDHxIbHrliDHUygwOFxDSJHWS53st6H68orl4c&dib_tag=se&keywords=Shirts&qid=1757794814&sr=8-20
Amazon,FireFish,403.0,3.0,https://www.amazon.in/sspa/click?ie=UTF8&spc=MTo0ODU1ODk2NzA4MTEzNTQ1OjE3NTc3OTQ4MTQ6c3BfbXRmOjMwMDYzNzc3MTQwOTkzMjo6MDo6&url=%2FFireFish-Black-Color-Cotton-Formal%2Fdp%2FB0DJH7Q9J2%2Fref%3Dsr_1_21_sspa%3Fdib%3DeyJ2IjoiMSJ9.JxxYY5RXLs_wEyHBVg42l9aDS1EkmBXISK6_RY1N1s7zQdSp_fvsBV8UPZ1E2b9Pvc029HmyT4qPI_ReeBP5ZceC7Ke381cOrVCo81qRUwFzxcRnDcEyQz9Sa4pqq78YzZf-842ymfKFQuIzNJ2jcAroD2FYko0ZxPsCWPrCQH3S3ad6D4_SR5uxUAaJFuX6pfc6sSnynnBE1Sk6TBnKp64SkN-r1cj606YA8_LOQSASUaGvtCuWtc_LO-8stv6tZ5NOfh5g6IILyRqkvIzxwjUmI8yd2CAuAI0btBXGwjU.WTvl0FDHxIbHrliDHUygwOFxDSJHWS53st6H68orl4c%26dib_tag%3Dse%26keywords%3DShirts%26qid%3D1757794814%26sr%3D8-21-spons%26sp_csd%3Dd2lkZ2V0TmFtZT1zcF9tdGY%26psc%3D1&aref=zGnqLfE0tp&sp_cr=ZAZ
Amazon,Amazon Brand - Symbol,549.0,3.8,https://www.amazon.in/sspa/click?ie=UTF8&spc=MTo0ODU1ODk2NzA4MTEzNTQ1OjE3NTc3OTQ4MTQ6c3BfbXRmOjMwMDYyMzcxNDg1MDAzMjo6MDo6&url=%2FAmazon-Brand-Symbol-Regular-AZ-SY-RR-12A-02_Brown_Small%2Fdp%2FB07KWWJ9BD%2Fref%3Dsr_1_22_sspa%3Fdib%3DeyJ2IjoiMSJ9.JxxYY5RXLs_wEyHBVg42l9aDS1EkmBXISK6_RY1N1s7zQdSp_fvsBV8UPZ1E2b9Pvc029HmyT4qPI_ReeBP5ZceC7Ke381cOrVCo81qRUwFzxcRnDcEyQz9Sa4pqq78YzZf-842ymfKFQuIzNJ2jcAroD2FYko0ZxPsCWPrCQH3S3ad6D4_SR5uxUAaJFuX6pfc6sSnynnBE1Sk6TBnKp64SkN-r1cj606YA8_LOQSASUaGvtCuWtc_LO-8stv6tZ5NOfh5g6IILyRqkvIzxwjUmI8yd2CAuAI0btBXGwjU.WTvl0FDHxIbHrliDHUygwOFxDSJHWS53st6H68orl4c%26dib_tag%3Dse%26keywords%3DShirts%26qid%3D1757794814%26sr%3D8-22-spons%26sp_csd%3Dd2lkZ2V0TmFtZT1zcF9tdGY%26psc%3D1&aref=aDzMLwLXMy&sp_cr=ZAZ
Amazon,COATSIDE,419.0,4.0,https://www.amazon.in/sspa/click?ie=UTF8&spc=MTo0ODU1ODk2NzA4MTEzNTQ1OjE3NTc3OTQ4MTQ6c3BfbXRmOjMwMDY1MTEzMjc4OTEzMjo6MDo6&url=%2FLight-Formal-Cotton-Blend-Shirt%2Fdp%2FB0F5Y3LVVP%2Fref%3Dsr_1_23_sspa%3Fdib%3DeyJ2IjoiMSJ9.JxxYY5RXLs_wEyHBVg42l9aDS1EkmBXISK6_RY1N1s7zQdSp_fvsBV8UPZ1E2b9Pvc029HmyT4qPI_ReeBP5ZceC7Ke381cOrVCo81qRUwFzxcRnDcEyQz9Sa4pqq78YzZf-842ymfKFQuIzNJ2jcAroD2FYko0ZxPsCWPrCQH3S3ad6D4_SR5uxUAaJFuX6pfc6sSnynnBE1Sk6TBnKp64SkN-r1cj606YA8_LOQSASUaGvtCuWtc_LO-8stv6tZ5NOfh5g6IILyRqkvIzxwjUmI8yd2CAuAI0btBXGwjU.WTvl0FDHxIbHrliDHUygwOFxDSJHWS53st6H68orl4c%26dib_tag%3Dse%26keywords%3DShirts%26qid%3D1757794814%26sr%3D8-23-spons%26sp_csd%3Dd2lkZ2V0TmFtZT1zcF9tdGY%26psc%3D1&aref=AkPu1vltpB&sp_cr=ZAZ
Amazon,Amazon Brand - Symbol,599.0,3.8,https://www.amazon.in/sspa/click?ie=UTF8&spc=MTo0ODU1ODk2NzA4MTEzNTQ1OjE3NTc3OTQ4MTQ6c3BfbXRmOjMwMDYyMzY4MzgyNzMzMjo6MDo6&url=%2FAmazon-Brand-Symbol-Regular-AW17MFS27_44_D-Green%2Fdp%2FB073ZKJ2VL%2Fref%3Dsr_1_24_sspa%3Fdib%3DeyJ2IjoiMSJ9.JxxYY5RXLs_wEyHBVg42l9aDS1EkmBXISK6_RY1N1s7zQdSp_fvsBV8UPZ1E2b9Pvc029HmyT4qPI_ReeBP5ZceC7Ke381cOrVCo81qRUwFzxcRnDcEyQz9Sa4pqq78YzZf-842ymfKFQuIzNJ2jcAroD2FYko0ZxPsCWPrCQH3S3ad6D4_SR5uxUAaJFuX6pfc6sSnynnBE1Sk6TBnKp64SkN-r1cj606YA8_LOQSASUaGvtCuWtc_LO-8stv6tZ5NOfh5g6IILyRqkvIzxwjUmI8yd2CAuAI0btBXGwjU.WTvl0FDHxIbHrliDHUygwOFxDSJHWS53st6H68orl4c%26dib_tag%3Dse%26keywords%3DShirts%26qid%3D1757794814%26sr%3D8-24-spons%26sp_csd%3Dd2lkZ2V0TmFtZT1zcF9tdGY%26psc%3D1&aref=mlJJs5AoM1&sp_cr=ZAZ
Amazon,Majestic Man,499.0,3.9,https://www.amazon.in/Majestic-Man-Cotton-Casual-X-Large/dp/B0B3X1MSNX/ref=sr_1_25?dib=eyJ2IjoiMSJ9.JxxYY5RXLs_wEyHBVg42l9aDS1EkmBXISK6_RY1N1s7zQdSp_fvsBV8UPZ1E2b9Pvc029HmyT4qPI_ReeBP5ZceC7Ke381cOrVCo81qRUwFzxcRnDcEyQz9Sa4pqq78YzZf-842ymfKFQuIzNJ2jcAroD2FYko0ZxPsCWPrCQH3S3ad6D4_SR5uxUAaJFuX6pfc6sSnynnBE1Sk6TBnKp64SkN-r1cj606YA8_LOQSASUaGvtCuWtc_LO-8stv6tZ5NOfh5g6IILyRqkvIzxwjUmI8yd2CAuAI0btBXGwjU.WTvl0FDHxIbHrliDHUygwOFxDSJHWS53st6H68orl4c&dib_tag=se&keywords=Shirts&qid=1757794814&sr=8-25
Amazon,GRECIILOOKS,399.0,4.1,https://www.amazon.in/GRECIILOOKS-Stylish-Textured-Regular-GL-MS-6249_Blue/dp/B0DF2FSDGV/ref=sr_1_26?dib=eyJ2IjoiMSJ9.JxxYY5RXLs_wEyHBVg42l9aDS1EkmBXISK6_RY1N1s7zQdSp_fvsBV8UPZ1E2b9Pvc029HmyT4qPI_ReeBP5ZceC7Ke381cOrVCo81qRUwFzxcRnDcEyQz9Sa4pqq78YzZf-842ymfKFQuIzNJ2jcAroD2FYko0ZxPsCWPrCQH3S3ad6D4_SR5uxUAaJFuX6pfc6sSnynnBE1Sk6TBnKp64SkN-r1cj606YA8_LOQSASUaGvtCuWtc_LO-8stv6tZ5NOfh5g6IILyRqkvIzxwjUmI8yd2CAuAI0btBXGwjU.WTvl0FDHxIbHrliDHUygwOFxDSJHWS53st6H68orl4c&dib_tag=se&keywords=Shirts&qid=1757794814&sr=8-26
Amazon,Majestic Man,559.0,4.0,https://www.amazon.in/Majestic-Man-Checkered-Cotton-Casual/dp/B0CL261QTL/ref=sr_1_27?dib=eyJ2IjoiMSJ9.JxxYY5RXLs_wEyHBVg42l9aDS1EkmBXISK6_RY1N1s7zQdSp_fvsBV8UPZ1E2b9Pvc029HmyT4qPI_ReeBP5ZceC7Ke381cOrVCo81qRUwFzxcRnDcEyQz9Sa4pqq78YzZf-842ymfKFQuIzNJ2jcAroD2FYko0ZxPsCWPrCQH3S3ad6D4_SR5uxUAaJFuX6pfc6sSnynnBE1Sk6TBnKp64SkN-r1cj606YA8_LOQSASUaGvtCuWtc_LO-8stv6tZ5NOfh5g6IILyRqkvIzxwjUmI8yd2CAuAI0btBXGwjU.WTvl0FDHxIbHrliDHUygwOFxDSJHWS53st6H68orl4c&dib_tag=se&keywords=Shirts&qid=1757794814&sr=8-27
Amazon,Peter England,989.0,4.5,https://www.amazon.in/Peter-England-Checkered-Shirt-PCSFSSLPF52150_Green/dp/B0F9F3QTM1/ref=sr_1_28?dib=eyJ2IjoiMSJ9.JxxYY5RXLs_wEyHBVg42l9aDS1EkmBXISK6_RY1N1s7zQdSp_fvsBV8UPZ1E2b9Pvc029HmyT4qPI_ReeBP5ZceC7Ke381cOrVCo81qRUwFzxcRnDcEyQz9Sa4pqq78YzZf-842ymfKFQuIzNJ2jcAroD2FYko0ZxPsCWPrCQH3S3ad6D4_SR5uxUAaJFuX6pfc6sSnynnBE1Sk6TBnKp64SkN-r1cj606YA8_LOQSASUaGvtCuWtc_LO-8stv6tZ5NOfh5g6IILyRqkvIzxwjUmI8yd2CAuAI0btBXGwjU.WTvl0FDHxIbHrliDHUygwOFxDSJHWS53st6H68orl4c&dib_tag=se&keywords=Shirts&qid=1757794814&sr=8-28
Amazon,Highlander,499.0,4.3,https://www.amazon.in/Highlander-Cotton-Shirt-PHSH000014_LT-White/dp/B0F47SWSNL/ref=sr_1_29?dib=eyJ2IjoiMSJ9.JxxYY5RXLs_wEyHBVg42l9aDS1EkmBXISK6_RY1N1s7zQdSp_fvsBV8UPZ1E2b9Pvc029HmyT4qPI_ReeBP5ZceC7Ke381cOrVCo81qRUwFzxcRnDcEyQz9Sa4pqq78YzZf-842ymfKFQuIzNJ2jcAroD2FYko0ZxPsCWPrCQH3S3ad6D4_SR5uxUAaJFuX6pfc6sSnynnBE1Sk6TBnKp64SkN-r1cj606YA8_LOQSASUaGvtCuWtc_LO-8stv6tZ5NOfh5g6IILyRqkvIzxwjUmI8yd2CAuAI0btBXGwjU.WTvl0FDHxIbHrliDHUygwOFxDSJHWS53st6H68orl4c&dib_tag=se&keywords=Shirts&qid=1757794814&sr=8-29
Amazon,Zombom,499.0,4.1,https://www.amazon.in/Zombom-Cotton-Straight-Regular-Sleeve/dp/B0D94FS3QX/ref=sr_1_30?dib=eyJ2IjoiMSJ9.JxxYY5RXLs_wEyHBVg42l9aDS1EkmBXISK6_RY1N1s7zQdSp_fvsBV8UPZ1E2b9Pvc029HmyT4qPI_ReeBP5ZceC7Ke381cOrVCo81qRUwFzxcRnDcEyQz9Sa4pqq78YzZf-842ymfKFQuIzNJ2jcAroD2FYko0ZxPsCWPrCQH3S3ad6D4_SR5uxUAaJFuX6pfc6sSnynnBE1Sk6TBnKp64SkN-r1cj606YA8_LOQSASUaGvtCuWtc_LO-8stv6tZ5NOfh5g6IILyRqkvIzxwjUmI8yd2CAuAI0btBXGwjU.WTvl0FDHxIbHrliDHUygwOFxDSJHWS53st6H68orl4c&dib_tag=se&keywords=Shirts&qid=1757794814&sr=8-30
Amazon,Peter England,1339.0,3.3,https://www.amazon.in/Peter-England-Mens-Shirt-PCSFLSLBL14374_Peach/dp/B0F5QKR4C7/ref=sr_1_31?dib=eyJ2IjoiMSJ9.JxxYY5RXLs_wEyHBVg42l9aDS1EkmBXISK6_RY1N1s7zQdSp_fvsBV8UPZ1E2b9Pvc029HmyT4qPI_ReeBP5ZceC7Ke381cOrVCo81qRUwFzxcRnDcEyQz9Sa4pqq78YzZf-842ymfKFQuIzNJ2jcAroD2FYko0ZxPsCWPrCQH3S3ad6D4_SR5uxUAaJFuX6pfc6sSnynnBE1Sk6TBnKp64SkN-r1cj606YA8_LOQSASUaGvtCuWtc_LO-8stv6tZ5NOfh5g6IILyRqkvIzxwjUmI8yd2CAuAI0btBXGwjU.WTvl0FDHxIbHrliDHUygwOFxDSJHWS53st6H68orl4c&dib_tag=se&keywords=Shirts&qid=1757794814&sr=8-31
Amazon,Lymio,449.0,3.6,https://www.amazon.in/Lymio-Casual-Stylish-Rib-Shirt-Khakhi/dp/B0CRPH5L6B/ref=sr_1_32?dib=eyJ2IjoiMSJ9.JxxYY5RXLs_wEyHBVg42l9aDS1EkmBXISK6_RY1N1s7zQdSp_fvsBV8UPZ1E2b9Pvc029HmyT4qPI_ReeBP5ZceC7Ke381cOrVCo81qRUwFzxcRnDcEyQz9Sa4pqq78YzZf-842ymfKFQuIzNJ2jcAroD2FYko0ZxPsCWPrCQH3S3ad6D4_SR5uxUAaJFuX6pfc6sSnynnBE1Sk6TBnKp64SkN-r1cj606YA8_LOQSASUaGvtCuWtc_LO-8stv6tZ5NOfh5g6IILyRqkvIzxwjUmI8yd2CAuAI0btBXGwjU.WTvl0FDHxIbHrliDHUygwOFxDSJHWS53st6H68orl4c&dib_tag=se&keywords=Shirts&qid=1757794814&sr=8-32
Amazon,Lymio,349.0,3.9,https://www.amazon.in/Lymio-Regular-Shirt-Stylish-Resort-Slub/dp/B0DZCVHK27/ref=sr_1_33?dib=eyJ2IjoiMSJ9.JxxYY5RXLs_wEyHBVg42l9aDS1EkmBXISK6_RY1N1s7zQdSp_fvsBV8UPZ1E2b9Pvc029HmyT4qPI_ReeBP5ZceC7Ke381cOrVCo81qRUwFzxcRnDcEyQz9Sa4pqq78YzZf-842ymfKFQuIzNJ2jcAroD2FYko0ZxPsCWPrCQH3S3ad6D4_SR5uxUAaJFuX6pfc6sSnynnBE1Sk6TBnKp64SkN-r1cj606YA8_LOQSASUaGvtCuWtc_LO-8stv6tZ5NOfh5g6IILyRqkvIzxwjUmI8yd2CAuAI0btBXGwjU.WTvl0FDHxIbHrliDHUygwOFxDSJHWS53st6H68orl4c&dib_tag=se&keywords=Shirts&qid=1757794814&sr=8-33
Amazon,Allen Solly,1199.0,3.8,https://www.amazon.in/Allen-Solly-Relaxed-Shirt-ALCHADSF133126_Beige/dp/B0F18JHWT4/ref=sr_1_34?dib=eyJ2IjoiMSJ9.JxxYY5RXLs_wEyHBVg42l9aDS1EkmBXISK6_RY1N1s7zQdSp_fvsBV8UPZ1E2b9Pvc029HmyT4qPI_ReeBP5ZceC7Ke381cOrVCo81qRUwFzxcRnDcEyQz9Sa4pqq78YzZf-842ymfKFQuIzNJ2jcAroD2FYko0ZxPsCWPrCQH3S3ad6D4_SR5uxUAaJFuX6pfc6sSnynnBE1Sk6TBnKp64SkN-r1cj606YA8_LOQSASUaGvtCuWtc_LO-8stv6tZ5NOfh5g6IILyRqkvIzxwjUmI8yd2CAuAI0btBXGwjU.WTvl0FDHxIbHrliDHUygwOFxDSJHWS53st6H68orl4c&dib_tag=se&keywords=Shirts&qid=1757794814&sr=8-34
Amazon,Louis Philippe,1479.0,4.4,https://www.amazon.in/Louis-Philippe-Solid-Shirt-LRSFNSLBK05243_Navy/dp/B0F4YVYF33/ref=sr_1_35?dib=eyJ2IjoiMSJ9.JxxYY5RXLs_wEyHBVg42l9aDS1EkmBXISK6_RY1N1s7zQdSp_fvsBV8UPZ1E2b9Pvc029HmyT4qPI_ReeBP5ZceC7Ke381cOrVCo81qRUwFzxcRnDcEyQz9Sa4pqq78YzZf-842ymfKFQuIzNJ2jcAroD2FYko0ZxPsCWPrCQH3S3ad6D4_SR5uxUAaJFuX6pfc6sSnynnBE1Sk6TBnKp64SkN-r1cj606YA8_LOQSASUaGvtCuWtc_LO-8stv6tZ5NOfh5g6IILyRqkvIzxwjUmI8yd2CAuAI0btBXGwjU.WTvl0FDHxIbHrliDHUygwOFxDSJHWS53st6H68orl4c&dib_tag=se&keywords=Shirts&qid=1757794814&sr=8-35
Amazon,Louis Philippe,1249.0,3.9,https://www.amazon.in/Louis-Philippe-Mens-Shirt-LYSFCSLBJ13729_Maroon/dp/B0D4VK1B8C/ref=sr_1_36?dib=eyJ2IjoiMSJ9.JxxYY5RXLs_wEyHBVg42l9aDS1EkmBXISK6_RY1N1s7zQdSp_fvsBV8UPZ1E2b9Pvc029HmyT4qPI_ReeBP5ZceC7Ke381cOrVCo81qRUwFzxcRnDcEyQz9Sa4pqq78YzZf-842ymfKFQuIzNJ2jcAroD2FYko0ZxPsCWPrCQH3S3ad6D4_SR5uxUAaJFuX6pfc6sSnynnBE1Sk6TBnKp64SkN-r1cj606YA8_LOQSASUaGvtCuWtc_LO-8stv6tZ5NOfh5g6IILyRqkvIzxwjUmI8yd2CAuAI0btBXGwjU.WTvl0FDHxIbHrliDHUygwOFxDSJHWS53st6H68orl4c&dib_tag=se&keywords=Shirts&qid=1757794814&sr=8-36
Amazon,Allen Solly,909.0,3.7,https://www.amazon.in/Allen-Solly-Plain-Casual-ASSFWMOFP83286_Navy_40/dp/B07DMY7253/ref=sr_1_37?dib=eyJ2IjoiMSJ9.JxxYY5RXLs_wEyHBVg42l9aDS1EkmBXISK6_RY1N1s7zQdSp_fvsBV8UPZ1E2b9Pvc029HmyT4qPI_ReeBP5ZceC7Ke381cOrVCo81qRUwFzxcRnDcEyQz9Sa4pqq78YzZf-842ymfKFQuIzNJ2jcAroD2FYko0ZxPsCWPrCQH3S3ad6D4_SR5uxUAaJFuX6pfc6sSnynnBE1Sk6TBnKp64SkN-r1cj606YA8_LOQSASUaGvtCuWtc_LO-8stv6tZ5NOfh5g6IILyRqkvIzxwjUmI8yd2CAuAI0btBXGwjU.WTvl0FDHxIbHrliDHUygwOFxDSJHWS53st6H68orl4c&dib_tag=se&keywords=Shirts&qid=1757794814&sr=8-37
Amazon,FINIVO FASHION,489.0,4.1,https://www.amazon.in/FINIVO-FASHION-Textured-Shirts-Stylish/dp/B0DFWY6KWC/ref=sr_1_38?dib=eyJ2IjoiMSJ9.JxxYY5RXLs_wEyHBVg42l9aDS1EkmBXISK6_RY1N1s7zQdSp_fvsBV8UPZ1E2b9Pvc029HmyT4qPI_ReeBP5ZceC7Ke381cOrVCo81qRUwFzxcRnDcEyQz9Sa4pqq78YzZf-842ymfKFQuIzNJ2jcAroD2FYko0ZxPsCWPrCQH3S3ad6D4_SR5uxUAaJFuX6pfc6sSnynnBE1Sk6TBnKp64SkN-r1cj606YA8_LOQSASUaGvtCuWtc_LO-8stv6tZ5NOfh5g6IILyRqkvIzxwjUmI8yd2CAuAI0btBXGwjU.WTvl0FDHxIbHrliDHUygwOFxDSJHWS53st6H68orl4c&dib_tag=se&keywords=Shirts&qid=1757794814&sr=8-38
Amazon,Allen Solly,989.0,3.9,https://www.amazon.in/Allen-Solly-Checkered-Shirt-ASSFQSPPX06681_Peach/dp/B0F7RNLBR3/ref=sr_1_39?dib=eyJ2IjoiMSJ9.JxxYY5RXLs_wEyHBVg42l9aDS1EkmBXISK6_RY1N1s7zQdSp_fvsBV8UPZ1E2b9Pvc029HmyT4qPI_ReeBP5ZceC7Ke381cOrVCo81qRUwFzxcRnDcEyQz9Sa4pqq78YzZf-842ymfKFQuIzNJ2jcAroD2FYko0ZxPsCWPrCQH3S3ad6D4_SR5uxUAaJFuX6pfc6sSnynnBE1Sk6TBnKp64SkN-r1cj606YA8_LOQSASUaGvtCuWtc_LO-8stv6tZ5NOfh5g6IILyRqkvIzxwjUmI8yd2CAuAI0btBXGwjU.WTvl0FDHxIbHrliDHUygwOFxDSJHWS53st6H68orl4c&dib_tag=se&keywords=Shirts&qid=1757794814&sr=8-39
Amazon,TAGDO,359.0,3.9,https://www.amazon.in/TAGDO-Pocket-Outdoor-Activities-Sugar-Shirt-5182-Black-M/dp/B0D2NVT7FZ/ref=sr_1_40?dib=eyJ2IjoiMSJ9.JxxYY5RXLs_wEyHBVg42l9aDS1EkmBXISK6_RY1N1s7zQdSp_fvsBV8UPZ1E2b9Pvc029HmyT4qPI_ReeBP5ZceC7Ke381cOrVCo81qRUwFzxcRnDcEyQz9Sa4pqq78YzZf-842ymfKFQuIzNJ2jcAroD2FYko0ZxPsCWPrCQH3S3ad6D4_SR5uxUAaJFuX6pfc6sSnynnBE1Sk6TBnKp64SkN-r1cj606YA8_LOQSASUaGvtCuWtc_LO-8stv6tZ5NOfh5g6IILyRqkvIzxwjUmI8yd2CAuAI0btBXGwjU.WTvl0FDHxIbHrliDHUygwOFxDSJHWS53st6H68orl4c&dib_tag=se&keywords=Shirts&qid=1757794814&sr=8-40
Amazon,U TURN,398.0,3.6,https://www.amazon.in/U-TURN-Printed-Striped-Stylish-Brown-Black/dp/B0DKPBYJVP/ref=sr_1_41?dib=eyJ2IjoiMSJ9.JxxYY5RXLs_wEyHBVg42l9aDS1EkmBXISK6_RY1N1s7zQdSp_fvsBV8UPZ1E2b9Pvc029HmyT4qPI_ReeBP5ZceC7Ke381cOrVCo81qRUwFzxcRnDcEyQz9Sa4pqq78YzZf-842ymfKFQuIzNJ2jcAroD2FYko0ZxPsCWPrCQH3S3ad6D4_SR5uxUAaJFuX6pfc6sSnynnBE1Sk6TBnKp64SkN-r1cj606YA8_LOQSASUaGvtCuWtc_LO-8stv6tZ5NOfh5g6IILyRqkvIzxwjUmI8yd2CAuAI0btBXGwjU.WTvl0FDHxIbHrliDHUygwOFxDSJHWS53st6H68orl4c&dib_tag=se&keywords=Shirts&qid=1757794814&sr=8-41
Amazon,Peter England,899.0,4.0,https://www.amazon.in/Peter-England-Mens-Shirt-PCSFSSLPD98867_Light/dp/B0C27TT51H/ref=sr_1_42?dib=eyJ2IjoiMSJ9.JxxYY5RXLs_wEyHBVg42l9aDS1EkmBXISK6_RY1N1s7zQdSp_fvsBV8UPZ1E2b9Pvc029HmyT4qPI_ReeBP5ZceC7Ke381cOrVCo81qRUwFzxcRnDcEyQz9Sa4pqq78YzZf-842ymfKFQuIzNJ2jcAroD2FYko0ZxPsCWPrCQH3S3ad6D4_SR5uxUAaJFuX6pfc6sSnynnBE1Sk6TBnKp64SkN-r1cj606YA8_LOQSASUaGvtCuWtc_LO-8stv6tZ5NOfh5g6IILyRqkvIzxwjUmI8yd2CAuAI0btBXGwjU.WTvl0FDHxIbHrliDHUygwOFxDSJHWS53st6H68orl4c&dib_tag=se&keywords=Shirts&qid=1757794814&sr=8-42
Amazon,Peter England,1009.0,4.1,https://www.amazon.in/Peter-England-Mens-Shirt-PCSFSSLPK94400_Navy/dp/B0C27VHQDX/ref=sr_1_43?dib=eyJ2IjoiMSJ9.JxxYY5RXLs_wEyHBVg42l9aDS1EkmBXISK6_RY1N1s7zQdSp_fvsBV8UPZ1E2b9Pvc029HmyT4qPI_ReeBP5ZceC7Ke381cOrVCo81qRUwFzxcRnDcEyQz9Sa4pqq78YzZf-842ymfKFQuIzNJ2jcAroD2FYko0ZxPsCWPrCQH3S3ad6D4_SR5uxUAaJFuX6pfc6sSnynnBE1Sk6TBnKp64SkN-r1cj606YA8_LOQSASUaGvtCuWtc_LO-8stv6tZ5NOfh5g6IILyRqkvIzxwjUmI8yd2CAuAI0btBXGwjU.WTvl0FDHxIbHrliDHUygwOFxDSJHWS53st6H68orl4c&dib_tag=se&keywords=Shirts&qid=1757794814&sr=8-43
Amazon,Louis Philippe,1249.0,3.7,https://www.amazon.in/Louis-Philippe-Mens-Shirt-LYSFCSLBS20976_Pink/dp/B0D4VKHPK8/ref=sr_1_44?dib=eyJ2IjoiMSJ9.JxxYY5RXLs_wEyHBVg42l9aDS1EkmBXISK6_RY1N1s7zQdSp_fvsBV8UPZ1E2b9Pvc029HmyT4qPI_ReeBP5ZceC7Ke381cOrVCo81qRUwFzxcRnDcEyQz9Sa4pqq78YzZf-842ymfKFQuIzNJ2jcAroD2FYko0ZxPsCWPrCQH3S3ad6D4_SR5uxUAaJFuX6pfc6sSnynnBE1Sk6TBnKp64SkN-r1cj606YA8_LOQSASUaGvtCuWtc_LO-8stv6tZ5NOfh5g6IILyRqkvIzxwjUmI8yd2CAuAI0btBXGwjU.WTvl0FDHxIbHrliDHUygwOFxDSJHWS53st6H68orl4c&dib_tag=se&keywords=Shirts&qid=1757794814&sr=8-44
Amazon,Peter England,1199.0,4.0,https://www.amazon.in/Peter-England-Mens-Shirt-PCSFSSLPS36720_Green/dp/B0CRHR9B67/ref=sr_1_45?dib=eyJ2IjoiMSJ9.JxxYY5RXLs_wEyHBVg42l9aDS1EkmBXISK6_RY1N1s7zQdSp_fvsBV8UPZ1E2b9Pvc029HmyT4qPI_ReeBP5ZceC7Ke381cOrVCo81qRUwFzxcRnDcEyQz9Sa4pqq78YzZf-842ymfKFQuIzNJ2jcAroD2FYko0ZxPsCWPrCQH3S3ad6D4_SR5uxUAaJFuX6pfc6sSnynnBE1Sk6TBnKp64SkN-r1cj606YA8_LOQSASUaGvtCuWtc_LO-8stv6tZ5NOfh5g6IILyRqkvIzxwjUmI8yd2CAuAI0btBXGwjU.WTvl0FDHxIbHrliDHUygwOFxDSJHWS53st6H68orl4c&dib_tag=se&keywords=Shirts&qid=1757794814&sr=8-45
Amazon,Peter England,639.0,4.0,https://www.amazon.in/Peter-England-Mens-Shirt-PCKPSSGBL69796_Lilac/dp/B0C1RYPBYW/ref=sr_1_46?dib=eyJ2IjoiMSJ9.JxxYY5RXLs_wEyHBVg42l9aDS1EkmBXISK6_RY1N1s7zQdSp_fvsBV8UPZ1E2b9Pvc029HmyT4qPI_ReeBP5ZceC7Ke381cOrVCo81qRUwFzxcRnDcEyQz9Sa4pqq78YzZf-842ymfKFQuIzNJ2jcAroD2FYko0ZxPsCWPrCQH3S3ad6D4_SR5uxUAaJFuX6pfc6sSnynnBE1Sk6TBnKp64SkN-r1cj606YA8_LOQSASUaGvtCuWtc_LO-8stv6tZ5NOfh5g6IILyRqkvIzxwjUmI8yd2CAuAI0btBXGwjU.WTvl0FDHxIbHrliDHUygwOFxDSJHWS53st6H68orl4c&dib_tag=se&keywords=Shirts&qid=1757794814&sr=8-46
Amazon,Bellstone,495.0,4.0,https://www.amazon.in/Bellstone-Regular-Sleeves-Mandarin-Collared/dp/B0DV39NRJQ/ref=sr_1_47?dib=eyJ2IjoiMSJ9.JxxYY5RXLs_wEyHBVg42l9aDS1EkmBXISK6_RY1N1s7zQdSp_fvsBV8UPZ1E2b9Pvc029HmyT4qPI_ReeBP5ZceC7Ke381cOrVCo81qRUwFzxcRnDcEyQz9Sa4pqq78YzZf-842ymfKFQuIzNJ2jcAroD2FYko0ZxPsCWPrCQH3S3ad6D4_SR5uxUAaJFuX6pfc6sSnynnBE1Sk6TBnKp64SkN-r1cj606YA8_LOQSASUaGvtCuWtc_LO-8stv6tZ5NOfh5g6IILyRqkvIzxwjUmI8yd2CAuAI0btBXGwjU.WTvl0FDHxIbHrliDHUygwOFxDSJHWS53st6H68orl4c&dib_tag=se&keywords=Shirts&qid=1757794814&sr=8-47
Amazon,Majestic Man,499.0,4.0,https://www.amazon.in/Majestic-Man-Classic-Cotton-X-Large/dp/B0CK6KZ87D/ref=sr_1_48?dib=eyJ2IjoiMSJ9.JxxYY5RXLs_wEyHBVg42l9aDS1EkmBXISK6_RY1N1s7zQdSp_fvsBV8UPZ1E2b9Pvc029HmyT4qPI_ReeBP5ZceC7Ke381cOrVCo81qRUwFzxcRnDcEyQz9Sa4pqq78YzZf-842ymfKFQuIzNJ2jcAroD2FYko0ZxPsCWPrCQH3S3ad6D4_SR5uxUAaJFuX6pfc6sSnynnBE1Sk6TBnKp64SkN-r1cj606YA8_LOQSASUaGvtCuWtc_LO-8stv6tZ5NOfh5g6IILyRqkvIzxwjUmI8yd2CAuAI0btBXGwjU.WTvl0FDHxIbHrliDHUygwOFxDSJHWS53st6H68orl4c&dib_tag=se&keywords=Shirts&qid=1757794814&sr=8-48
Amazon,IndoPrimo,499.0,4.1,https://www.amazon.in/IndoPrimo-Classic-Plain-Casual-Sleeve/dp/B0D96497HC/ref=sr_1_49?dib=eyJ2IjoiMSJ9.JxxYY5RXLs_wEyHBVg42l9aDS1EkmBXISK6_RY1N1s7zQdSp_fvsBV8UPZ1E2b9Pvc029HmyT4qPI_ReeBP5ZceC7Ke381cOrVCo81qRUwFzxcRnDcEyQz9Sa4pqq78YzZf-842ymfKFQuIzNJ2jcAroD2FYko0ZxPsCWPrCQH3S3ad6D4_SR5uxUAaJFuX6pfc6sSnynnBE1Sk6TBnKp64SkN-r1cj606YA8_LOQSASUaGvtCuWtc_LO-8stv6tZ5NOfh5g6IILyRqkvIzxwjUmI8yd2CAuAI0btBXGwjU.WTvl0FDHxIbHrliDHUygwOFxDSJHWS53st6H68orl4c&dib_tag=se&keywords=Shirts&qid=1757794814&sr=8-49
Amazon,Louis Philippe,1039.0,3.8,https://www.amazon.in/Louis-Philippe-Mens-Shirt-LRSFNSLPV93180_White/dp/B0D5LZ382X/ref=sr_1_50?dib=eyJ2IjoiMSJ9.JxxYY5RXLs_wEyHBVg42l9aDS1EkmBXISK6_RY1N1s7zQdSp_fvsBV8UPZ1E2b9Pvc029HmyT4qPI_ReeBP5ZceC7Ke381cOrVCo81qRUwFzxcRnDcEyQz9Sa4pqq78YzZf-842ymfKFQuIzNJ2jcAroD2FYko0ZxPsCWPrCQH3S3ad6D4_SR5uxUAaJFuX6pfc6sSnynnBE1Sk6TBnKp64SkN-r1cj606YA8_LOQSASUaGvtCuWtc_LO-8stv6tZ5NOfh5g6IILyRqkvIzxwjUmI8yd2CAuAI0btBXGwjU.WTvl0FDHxIbHrliDHUygwOFxDSJHWS53st6H68orl4c&dib_tag=se&keywords=Shirts&qid=1757794814&sr=8-50
Amazon,Miraan,647.0,3.7,https://www.amazon.in/Miraan-Sleeve-Light-blue-SIGLIGHTDENIMXXL-XX-Large/dp/B0B21CB8R7/ref=sr_1_51?dib=eyJ2IjoiMSJ9.JxxYY5RXLs_wEyHBVg42l9aDS1EkmBXISK6_RY1N1s7zQdSp_fvsBV8UPZ1E2b9Pvc029HmyT4qPI_ReeBP5ZceC7Ke381cOrVCo81qRUwFzxcRnDcEyQz9Sa4pqq78YzZf-842ymfKFQuIzNJ2jcAroD2FYko0ZxPsCWPrCQH3S3ad6D4_SR5uxUAaJFuX6pfc6sSnynnBE1Sk6TBnKp64SkN-r1cj606YA8_LOQSASUaGvtCuWtc_LO-8stv6tZ5NOfh5g6IILyRqkvIzxwjUmI8yd2CAuAI0btBXGwjU.WTvl0FDHxIbHrliDHUygwOFxDSJHWS53st6H68orl4c&dib_tag=se&keywords=Shirts&qid=1757794814&sr=8-51
Amazon,Lymio,449.0,3.7,https://www.amazon.in/Lymio-Clothing-Polyester-Geometric-Geomatric-Green-L/dp/B0DWSRSXPF/ref=sr_1_52?dib=eyJ2IjoiMSJ9.JxxYY5RXLs_wEyHBVg42l9aDS1EkmBXISK6_RY1N1s7zQdSp_fvsBV8UPZ1E2b9Pvc029HmyT4qPI_ReeBP5ZceC7Ke381cOrVCo81qRUwFzxcRnDcEyQz9Sa4pqq78YzZf-842ymfKFQuIzNJ2jcAroD2FYko0ZxPsCWPrCQH3S3ad6D4_SR5uxUAaJFuX6pfc6sSnynnBE1Sk6TBnKp64SkN-r1cj606YA8_LOQSASUaGvtCuWtc_LO-8stv6tZ5NOfh5g6IILyRqkvIzxwjUmI8yd2CAuAI0btBXGwjU.WTvl0FDHxIbHrliDHUygwOFxDSJHWS53st6H68orl4c&dib_tag=se&keywords=Shirts&qid=1757794814&sr=8-52
Amazon,Amazon Brand - Symbol,449.0,3.9,https://www.amazon.in/Amazon-Brand-Symbol-Regular-AW-SY-MCS-1146_Black_Large/dp/B07F983BXH/ref=sr_1_53?dib=eyJ2IjoiMSJ9.JxxYY5RXLs_wEyHBVg42l9aDS1EkmBXISK6_RY1N1s7zQdSp_fvsBV8UPZ1E2b9Pvc029HmyT4qPI_ReeBP5ZceC7Ke381cOrVCo81qRUwFzxcRnDcEyQz9Sa4pqq78YzZf-842ymfKFQuIzNJ2jcAroD2FYko0ZxPsCWPrCQH3S3ad6D4_SR5uxUAaJFuX6pfc6sSnynnBE1Sk6TBnKp64SkN-r1cj606YA8_LOQSASUaGvtCuWtc_LO-8stv6tZ5NOfh5g6IILyRqkvIzxwjUmI8yd2CAuAI0btBXGwjU.WTvl0FDHxIbHrliDHUygwOFxDSJHWS53st6H68orl4c&dib_tag=se&keywords=Shirts&qid=1757794814&sr=8-53
Amazon,Majestic Man,499.0,4.0,https://www.amazon.in/Majestic-Man-Printed-Cotton-Caramel/dp/B0F2M9VJ4Z/ref=sr_1_54?dib=eyJ2IjoiMSJ9.JxxYY5RXLs_wEyHBVg42l9aDS1EkmBXISK6_RY1N1s7zQdSp_fvsBV8UPZ1E2b9Pvc029HmyT4qPI_ReeBP5ZceC7Ke381cOrVCo81qRUwFzxcRnDcEyQz9Sa4pqq78YzZf-842ymfKFQuIzNJ2jcAroD2FYko0ZxPsCWPrCQH3S3ad6D4_SR5uxUAaJFuX6pfc6sSnynnBE1Sk6TBnKp64SkN-r1cj606YA8_LOQSASUaGvtCuWtc_LO-8stv6tZ5NOfh5g6IILyRqkvIzxwjUmI8yd2CAuAI0btBXGwjU.WTvl0FDHxIbHrliDHUygwOFxDSJHWS53st6H68orl4c&dib_tag=se&keywords=Shirts&qid=1757794814&sr=8-54
Amazon,NexaFlair,469.0,2.9,https://www.amazon.in/NexaFlair-Summer-Regular-Stylish-Everyday-Regular/dp/B0DXCX36NV/ref=sr_1_55?dib=eyJ2IjoiMSJ9.JxxYY5RXLs_wEyHBVg42l9aDS1EkmBXISK6_RY1N1s7zQdSp_fvsBV8UPZ1E2b9Pvc029HmyT4qPI_ReeBP5ZceC7Ke381cOrVCo81qRUwFzxcRnDcEyQz9Sa4pqq78YzZf-842ymfKFQuIzNJ2jcAroD2FYko0ZxPsCWPrCQH3S3ad6D4_SR5uxUAaJFuX6pfc6sSnynnBE1Sk6TBnKp64SkN-r1cj606YA8_LOQSASUaGvtCuWtc_LO-8stv6tZ5NOfh5g6IILyRqkvIzxwjUmI8yd2CAuAI0btBXGwjU.WTvl0FDHxIbHrliDHUygwOFxDSJHWS53st6H68orl4c&dib_tag=se&keywords=Shirts&qid=1757794814&sr=8-55
Amazon,BE ACTIVE,781.0,3.3,https://www.amazon.in/BE-ACTIVE-Geometric-Regular-CPR0156_Oceanic/dp/B0C7LDC9L5/ref=sr_1_56?dib=eyJ2IjoiMSJ9.JxxYY5RXLs_wEyHBVg42l9aDS1EkmBXISK6_RY1N1s7zQdSp_fvsBV8UPZ1E2b9Pvc029HmyT4qPI_ReeBP5ZceC7Ke381cOrVCo81qRUwFzxcRnDcEyQz9Sa4pqq78YzZf-842ymfKFQuIzNJ2jcAroD2FYko0ZxPsCWPrCQH3S3ad6D4_SR5uxUAaJFuX6pfc6sSnynnBE1Sk6TBnKp64SkN-r1cj606YA8_LOQSASUaGvtCuWtc_LO-8stv6tZ5NOfh5g6IILyRqkvIzxwjUmI8yd2CAuAI0btBXGwjU.WTvl0FDHxIbHrliDHUygwOFxDSJHWS53st6H68orl4c&dib_tag=se&keywords=Shirts&qid=1757794814&sr=8-56
Amazon,CVC,499.0,3.7,https://www.amazon.in/sspa/click?ie=UTF8&spc=MTo0ODU1ODk2NzA4MTEzNTQ1OjE3NTc3OTQ4MTQ6c3BfYnRmOjMwMDU5MDk2MTcxMzUzMjo6MDo6&url=%2FCVC-Sleeves-Regular-Causal-Formal%2Fdp%2FB0CGNQ3B1K%2Fref%3Dsr_1_57_sspa%3Fdib%3DeyJ2IjoiMSJ9.JxxYY5RXLs_wEyHBVg42l9aDS1EkmBXISK6_RY1N1s7zQdSp_fvsBV8UPZ1E2b9Pvc029HmyT4qPI_ReeBP5ZceC7Ke381cOrVCo81qRUwFzxcRnDcEyQz9Sa4pqq78YzZf-842ymfKFQuIzNJ2jcAroD2FYko0ZxPsCWPrCQH3S3ad6D4_SR5uxUAaJFuX6pfc6sSnynnBE1Sk6TBnKp64SkN-r1cj606YA8_LOQSASUaGvtCuWtc_LO-8stv6tZ5NOfh5g6IILyRqkvIzxwjUmI8yd2CAuAI0btBXGwjU.WTvl0FDHxIbHrliDHUygwOFxDSJHWS53st6H68orl4c%26dib_tag%3Dse%26keywords%3DShirts%26qid%3D1757794814%26sr%3D8-57-spons%26sp_csd%3Dd2lkZ2V0TmFtZT1zcF9idGY%26psc%3D1&aref=JXvFFe92xF&sp_cr=ZAZ
Amazon,DEELMO,799.0,4.2,https://www.amazon.in/sspa/click?ie=UTF8&spc=MTo0ODU1ODk2NzA4MTEzNTQ1OjE3NTc3OTQ4MTQ6c3BfYnRmOjMwMDYwOTUxNTI3OTEzMjo6MDo6&url=%2FDEELMO-Stylish-Casual-Sleeves-Black-Maroon%2Fdp%2FB0FCFRGTJF%2Fref%3Dsr_1_58_sspa%3Fdib%3DeyJ2IjoiMSJ9.JxxYY5RXLs_wEyHBVg42l9aDS1EkmBXISK6_RY1N1s7zQdSp_fvsBV8UPZ1E2b9Pvc029HmyT4qPI_ReeBP5ZceC7Ke381cOrVCo81qRUwFzxcRnDcEyQz9Sa4pqq78YzZf-842ymfKFQuIzNJ2jcAroD2FYko0ZxPsCWPrCQH3S3ad6D4_SR5uxUAaJFuX6pfc6sSnynnBE1Sk6TBnKp64SkN-r1cj606YA8_LOQSASUaGvtCuWtc_LO-8stv6tZ5NOfh5g6IILyRqkvIzxwjUmI8yd2CAuAI0btBXGwjU.WTvl0FDHxIbHrliDHUygwOFxDSJHWS53st6H68orl4c%26dib_tag%3Dse%26keywords%3DShirts%26qid%3D1757794814%26sr%3D8-58-spons%26sp_csd%3Dd2lkZ2V0TmFtZT1zcF9idGY%26psc%3D1&aref=xFGvY46Y4f&sp_cr=ZAZ
Amazon,IndoPrimo,499.0,4.1,https://www.amazon.in/sspa/click?ie=UTF8&spc=MTo0ODU1ODk2NzA4MTEzNTQ1OjE3NTc3OTQ4MTQ6c3BfYnRmOjMwMDI5MzU4NjMzNjkzMjo6MDo6&url=%2FIndoPrimo-Classic-Plain-Casual-Sleeve%2Fdp%2FB0D963H4T1%2Fref%3Dsr_1_59_sspa%3Fdib%3DeyJ2IjoiMSJ9.JxxYY5RXLs_wEyHBVg42l9aDS1EkmBXISK6_RY1N1s7zQdSp_fvsBV8UPZ1E2b9Pvc029HmyT4qPI_ReeBP5ZceC7Ke381cOrVCo81qRUwFzxcRnDcEyQz9Sa4pqq78YzZf-842ymfKFQuIzNJ2jcAroD2FYko0ZxPsCWPrCQH3S3ad6D4_SR5uxUAaJFuX6pfc6sSnynnBE1Sk6TBnKp64SkN-r1cj606YA8_LOQSASUaGvtCuWtc_LO-8stv6tZ5NOfh5g6IILyRqkvIzxwjUmI8yd2CAuAI0btBXGwjU.WTvl0FDHxIbHrliDHUygwOFxDSJHWS53st6H68orl4c%26dib_tag%3Dse%26keywords%3DShirts%26qid%3D1757794814%26sr%3D8-59-spons%26sp_csd%3Dd2lkZ2V0TmFtZT1zcF9idGY%26psc%3D1&aref=z7vWZOGZSJ&sp_cr=ZAZ
Amazon,Amazon Brand - Symbol,519.0,3.9,https://www.amazon.in/sspa/click?ie=UTF8&spc=MTo0ODU1ODk2NzA4MTEzNTQ1OjE3NTc3OTQ4MTQ6c3BfYnRmOjMwMDYyNDAwMzAzNTAzMjo6MDo6&url=%2FAmazon-Brand-Symbol-Regular-AZ-SY-RM-13A-02_Brown%2Fdp%2FB08JR11XJ8%2Fref%3Dsr_1_60_sspa%3Fdib%3DeyJ2IjoiMSJ9.JxxYY5RXLs_wEyHBVg42l9aDS1EkmBXISK6_RY1N1s7zQdSp_fvsBV8UPZ1E2b9Pvc029HmyT4qPI_ReeBP5ZceC7Ke381cOrVCo81qRUwFzxcRnDcEyQz9Sa4pqq78YzZf-842ymfKFQuIzNJ2jcAroD2FYko0ZxPsCWPrCQH3S3ad6D4_SR5uxUAaJFuX6pfc6sSnynnBE1Sk6TBnKp64SkN-r1cj606YA8_LOQSASUaGvtCuWtc_LO-8stv6tZ5NOfh5g6IILyRqkvIzxwjUmI8yd2CAuAI0btBXGwjU.WTvl0FDHxIbHrliDHUygwOFxDSJHWS53st6H68orl4c%26dib_tag%3Dse%26keywords%3DShirts%26qid%3D1757794814%26sr%3D8-60-spons%26sp_csd%3Dd2lkZ2V0TmFtZT1zcF9idGY%26psc%3D1&aref=xC2JP5fVKa&sp_cr=ZAZ
Myntra,StyleCast x Revolte Men Striped Casual Shirt,896.0,,https://www.myntra.com/shirts/stylecast+x+revolte/stylecast-x-revolte-men-cutaway-collar-bengal-striped-cotton-casual-shirt/31287243/buy
Myntra,Urban Ranger by pantaloons Men Printed Casual Shirt,974.0,,https://www.myntra.com/shirts/urban+ranger+by+pantaloons/urban-ranger-by-pantaloons-men-relaxed-fit-cuban-collar-floral-printed-casual-shirt/32088764/buy
Myntra,Roadster Women Striped Casual Shirt,629.0,,https://www.myntra.com/shirts/roadster/the-roadster-lifestyle-co-women-cuban-collar-vertical-striped-cotton-boxy-casual-shirt/31012271/buy
Myntra,CRESALE Casual Shirt,399.0,,https://www.myntra.com/shirts/cresale/cresale-boys-comfort-casual-shirt/34855493/buy
Myntra,Stylecast X Kotty Checked Casual Shirt,493.0,,https://www.myntra.com/shirts/stylecast+x+kotty/stylecast-x-kotty-spread-collar-checked-casual-shirt/34456852/buy
Myntra,Roadster Chambray Casual Shirt,554.0,,https://www.myntra.com/shirts/roadster/the-roadster-lifestyle-co-men-light-blue-solid-regular-fit-chambray-casual-shirt/15557590/buy
Myntra,Roadster Oversized Casual Shirt,593.0,,https://www.myntra.com/shirts/roadster/roadster-striped-oversized-casual-shirt/30256916/buy
Myntra,Allen Solly Pure Cotton Casual Shirt,930.0,,https://www.myntra.com/shirts/allen+solly/allen-solly-pure-cotton-classic-fit-gingham-checks-casual-shirt/33594857/buy
Myntra,Roadster Women Self Design Casual Shirt,619.0,,https://www.myntra.com/shirts/roadster/the-roadster-lifestyle-co-women-spread-collar-textured-casual-shirt/31820758/buy
Myntra,Style Quotient Women Cotton Formal Shirt,568.0,,https://www.myntra.com/shirts/style+quotient/style-quotient-women-smart-mandarin-collar-solid-cotton-formal-shirt/32179900/buy
Myntra,Powerlook Men Checked Casual Shirt,1025.0,,https://www.myntra.com/shirts/powerlook/powerlook-men-spread-collar-tartan-checked-cotton-casual-shirt/31039632/buy
Myntra,Roadster Regular Fit Indigo Checks,565.0,,https://www.myntra.com/shirts/roadster/roadster-men-navy-blue--magenta-pink-regular-fit-checked-casual-shirt/10863018/buy
Myntra,HIGHLANDER Slim Fit Cotton Casual Shirt,449.0,,https://www.myntra.com/shirts/highlander/highlander-classic-white-slim-fit-vertical-striped-spread-collar-cotton-casual-shirt/28400708/buy
Myntra,Stylecast X Kotty ,493.0,,https://www.myntra.com/shirts/stylecast+x+kotty/stylecast-x-kotty-vertical-stripes-spread-collar-long-sleeves-casual-shirt/34456727/buy
Myntra,FOREVER FRIDAY Boys Cotton Casual Shirt,434.0,,https://www.myntra.com/shirts/forever+friday/forever-friday-boys-spread-collar-comfort-cotton-casual-shirt/34008081/buy
Myntra,Roadster Pure Cotton Casual Shirt,629.0,,https://www.myntra.com/shirts/roadster/the-roadster-life-co-pure-cotton-casual-shirt/34113072/buy
Myntra,VOLTEDGE Men Checked Cotton Shirt,981.0,,https://www.myntra.com/shirts/voltedge/voltedge-men-classic-relaxed-fit-spread-collar-tartan-checked-cotton-casual-shirt/32319815/buy
Myntra,Mast & Harbour Men Slim Fit Casual Shirt,572.0,,https://www.myntra.com/shirts/mast+%26+harbour/mast--harbour-men-blue--white-slim-fit-striped-casual-shirt/8717979/buy
Myntra,Style Quotient Women Formal Shirt,540.0,,https://www.myntra.com/shirts/style+quotient/style-quotient-women-white-formal-shirt/19761198/buy
Myntra,Roadster Slim Fit Checked Shirt,545.0,,https://www.myntra.com/shirts/roadster/roadster-men-maroon--grey-slim-fit-checked-casual-shirt/12947370/buy
Myntra,HERE&NOW Slim Fit Cotton Casual Shirt,643.0,,https://www.myntra.com/shirts/here%26now/herenow-tartan-checks-spread-collar-long-sleeves-slim-fit-cotton-casual-shirt/29265888/buy
Myntra,PURYS WORKSPACE Women Solid Formal Shirt,849.0,,https://www.myntra.com/shirts/purys+workspace/purys-workspace-women-solid-formal-shirt/32741758/buy
Myntra,Roadster Pure Cotton Casual Shirt,526.0,,https://www.myntra.com/shirts/roadster/the-roadster-life-co-solid-pure-cotton-casual-shirt/21986430/buy
Myntra,HERE&NOW Slim Fit Cotton Casual Shirt,736.0,,https://www.myntra.com/shirts/here%26now/herenow-blue-slim-fit-checked-button-down-collar-opaque-cotton-casual-shirt/27449708/buy
Myntra,Roadster Men Pack Of 2 Shirts,999.0,,https://www.myntra.com/shirts/roadster/roadster-men-pack-of-2-sustainable-shirts/2038071/buy
Myntra,Zenava by Myntra Opaque Casual Shirt,999.0,,https://www.myntra.com/shirts/zenava+by+myntra/zenava-by-myntra-women-comfort-opaque-printed-casual-shirt/32925785/buy
Myntra,BEING NAUGHTY Women Solid Casual Shirt,690.0,,https://www.myntra.com/shirts/being+naughty/being-naughty-women-comfort-mandarin-collar-textured-solid-casual-shirt/31244394/buy
Myntra,KIDGARB Pack Of 2 Casual Shirts,489.0,,https://www.myntra.com/shirts/kidgarb/kidgarb-boys-pack-of-2-printed-casual-shirts/35743273/buy
Myntra,HERE&NOW Men Regular Fit Casual Shirt,708.0,,https://www.myntra.com/shirts/here%26now/herenow-men-maroon-regular-fit-solid-casual-shirt/10410396/buy
Myntra,HELLCAT Boys Casual Shirt,359.0,,https://www.myntra.com/shirts/hellcat/hellcat-boys-casual-shirt/30175021/buy
Myntra,Bushirt Men Textured Casual Shirt,599.0,,https://www.myntra.com/shirts/bushirt/bushirt-men-classic-fit-textured-spread-collar-casual-shirt/36748744/buy
Myntra,Uncluttered Closet Cotton Standard Fit Shirt,999.0,,https://www.myntra.com/shirts/uncluttered+closet/uncluttered-closet-essential-spread-collar-linen-cotton-standard-fit-shirt/35485950/buy
Myntra,Roadster Casual Shirt,721.0,,https://www.myntra.com/shirts/roadster/roadster-women-blue-casual-shirt/1764493/buy
Myntra,Style Quotient Women Spread Collar Shirt,700.0,,https://www.myntra.com/shirts/style+quotient/style-quotient-women-stripe-oversized-shirt/30111252/buy
Myntra,Powerlook Opaque Casual Shirt,989.0,,https://www.myntra.com/shirts/powerlook/powerlook-men-tartan-checks-opaque-checked-casual-shirt/31601830/buy
Myntra,HERE&NOW Women Cotton Casual Shirt,643.0,,https://www.myntra.com/shirts/here%26now/herenow-women-oversized-fit-spread-collar-textured-cotton-casual-shirt/32063772/buy
Myntra,Roadster Regular Fit Casual Shirt,645.0,,https://www.myntra.com/shirts/roadster/roadster-men-regular-fit-checked-casual-shirt/11686020/buy
Myntra,Roadster Men Regular Linen Casual Shirt,594.0,,https://www.myntra.com/shirts/roadster/roadster-men-khaki-solid-linen-regular-fit-casual-shirt/10945190/buy
Myntra,The Indian Garage Co Tartan Checked Casual Shirt,532.0,,https://www.myntra.com/shirts/the+indian+garage+co/the-indian-garage-co-men-tartan-checked-casual-shirt/20921886/buy
Myntra,Powerlook Men Striped Casual Shirt,1059.0,,https://www.myntra.com/shirts/powerlook/powerlook-men-spread-collar-vertical-striped-cotton-casual-shirt/31236637/buy
Myntra,The Indian Garage Co Casual Shirt,465.0,,https://www.myntra.com/shirts/the+indian+garage+co/the-indian-garage-co-men-tartan-checked-cotton-casual-shirt/21180012/buy
Myntra,Popwings Women Solid Casual Shirt,467.0,,https://www.myntra.com/shirts/popwings/popwings-women-comfort-spread-collar-solid-satin-casual-shirt/31533834/buy
Myntra,glitchez Crinkled Drop-Shoulder Shirt,679.0,,https://www.myntra.com/shirts/glitchez/glitchez-crinkled-drop-shoulder-shirt/31393280/buy
Myntra,High Star Oversized Cotton Casual Shirt,1450.0,,https://www.myntra.com/shirts/high+star/high-star-classic-oversized-spread-collar-long-sleeves-cotton-casual-shirt/25901972/buy
Myntra,Campus Sutra Opaque Casual Shirt,1059.0,,https://www.myntra.com/shirts/campus+sutra/campus-sutra-men-comfort-opaque-checked-casual-shirt/31472271/buy
Myntra,Campus Sutra Casual Shirt,759.0,,https://www.myntra.com/shirts/campus+sutra/campus-sutra-men-comfort-printed-casual-shirt/35699584/buy
Myntra,AD By Arvind Men Checked Casual Shirt,1033.0,,https://www.myntra.com/shirts/ad+by+arvind/ad-by-arvind-men-spread-collar-tartan-checked-cotton-casual-shirt/31260353/buy
Myntra,Roadster Women Self Design Casual Shirt,599.0,,https://www.myntra.com/shirts/roadster/the-roadster-lifestyle-co-women-spread-collar-textured-satin-casual-shirt/31298472/buy
Myntra,HERE&NOW Boys Comfort Pure Cotton Shirt,598.0,,https://www.myntra.com/shirts/here%26now/herenow-boys-comfort-abstract-printed-spread-collar-pure-cotton-shirt/35646422/buy
Myntra,Roadster Checked Casual Shirt,526.0,,https://www.myntra.com/shirts/roadster/roadster-men-khaki-checked-casual-shirt/1667052/buy
